,prediction,probabilities,label,fold
39403,Abnormal,[0.6743 0.3257],Abnormal,0
40840,Abnormal,[0.8535 0.1465],Abnormal,0
45843,Abnormal,[0.8743 0.1257],Abnormal,0
46532,Abnormal,[0.5828 0.4172],Normal,0
46778,Abnormal,[0.7433 0.2567],Abnormal,0
49568,Normal,[0.4503 0.5497],Normal,0
49585,Normal,[0.264 0.736],Abnormal,0
49598,Abnormal,[0.5763 0.4237],Normal,0
49704,Abnormal,[0.652 0.348],Abnormal,0
49729,Normal,[0.4318 0.5682],Abnormal,0
49735,Abnormal,[0.5497 0.4503],Abnormal,0
49751,Abnormal,[0.8952 0.1048],Abnormal,0
49823,Abnormal,[0.7916 0.2084],Abnormal,0
49850,Abnormal,[0.6727 0.3273],Abnormal,0
49853,Normal,[0.4703 0.5297],Normal,0
49854,Abnormal,[0.5125 0.4875],Abnormal,0
49876,Normal,[0.3508 0.6492],Abnormal,0
49900,Abnormal,[0.7971 0.2029],Abnormal,0
49960,Abnormal,[0.6052 0.3948],Normal,0
49979,Abnormal,[0.5449 0.4551],Normal,0
49989,Abnormal,[0.6899 0.3101],Abnormal,0
50007,Abnormal,[0.85 0.15],Normal,0
50008,Normal,[0.4809 0.5191],Normal,0
50009,Abnormal,[0.6003 0.3997],Normal,0
50032,Normal,[0.4937 0.5063],Normal,0
50043,Normal,[0.4112 0.5888],Normal,0
50054,Abnormal,[0.8921 0.1079],Abnormal,0
50094,Normal,[0.4205 0.5795],Normal,0
50096,Abnormal,[0.5825 0.4175],Abnormal,0
50100,Normal,[0.4471 0.5529],Abnormal,0
50111,Normal,[0.4684 0.5316],Abnormal,0
50121,Abnormal,[0.5644 0.4356],Normal,0
50122,Normal,[0.4123 0.5877],Normal,0
50123,Abnormal,[0.8225 0.1775],Abnormal,0
50125,Normal,[0.3842 0.6158],Abnormal,0
50136,Abnormal,[0.8683 0.1317],Abnormal,0
50141,Abnormal,[0.6617 0.3383],Normal,0
50159,Normal,[0.3927 0.6073],Abnormal,0
50160,Abnormal,[0.6509 0.3491],Normal,0
50204,Normal,[0.499 0.501],Normal,0
50221,Abnormal,[0.6916 0.3084],Normal,0
50228,Abnormal,[0.5629 0.4371],Normal,0
50241,Normal,[0.4822 0.5178],Abnormal,0
50244,Abnormal,[0.716 0.284],Abnormal,0
50254,Normal,[0.4913 0.5087],Normal,0
50272,Abnormal,[0.5627 0.4373],Normal,0
50280,Abnormal,[0.6408 0.3592],Abnormal,0
50284,Normal,[0.3316 0.6684],Normal,0
50297,Abnormal,[0.5659 0.4341],Abnormal,0
50300,Abnormal,[0.6887 0.3113],Abnormal,0
50304,Abnormal,[0.6309 0.3691],Normal,0
50306,Abnormal,[0.5203 0.4797],Abnormal,0
50321,Abnormal,[0.6981 0.3019],Abnormal,0
50323,Abnormal,[0.872 0.128],Abnormal,0
50332,Abnormal,[0.8525 0.1475],Abnormal,0
50335,Abnormal,[0.5011 0.4989],Abnormal,0
50349,Abnormal,[0.5467 0.4533],Normal,0
50379,Normal,[0.3298 0.6702],Abnormal,0
50385,Normal,[0.3462 0.6538],Normal,0
50628,Normal,[0.494 0.506],Abnormal,0
50635,Normal,[0.4323 0.5677],Normal,0
50646,Abnormal,[0.5688 0.4312],Normal,0
50649,Abnormal,[0.5257 0.4743],Abnormal,0
50657,Normal,[0.3962 0.6038],Normal,0
50673,Abnormal,[0.6465 0.3535],Abnormal,0
50680,Abnormal,[0.5968 0.4032],Abnormal,0
50691,Normal,[0.4685 0.5315],Normal,0
50704,Abnormal,[0.6273 0.3727],Normal,0
50715,Normal,[0.467 0.533],Normal,0
50721,Abnormal,[0.6559 0.3441],Abnormal,0
50723,Normal,[0.4744 0.5256],Abnormal,0
50729,Abnormal,[0.6058 0.3942],Normal,0
50732,Normal,[0.3975 0.6025],Abnormal,0
50736,Normal,[0.4518 0.5482],Abnormal,0
50740,Normal,[0.3698 0.6302],Abnormal,0
50754,Normal,[0.4583 0.5417],Normal,0
50756,Normal,[0.3573 0.6427],Normal,0
50758,Normal,[0.4753 0.5247],Normal,0
50763,Abnormal,[0.5071 0.4929],Abnormal,0
50766,Normal,[0.4866 0.5134],Normal,0
50771,Abnormal,[0.5935 0.4065],Abnormal,0
50788,Abnormal,[0.5346 0.4654],Normal,0
50790,Abnormal,[0.8672 0.1328],Abnormal,0
50793,Normal,[0.3277 0.6723],Normal,0
50795,Abnormal,[0.6161 0.3839],Normal,0
50796,Normal,[0.4904 0.5096],Abnormal,0
50803,Abnormal,[0.5808 0.4192],Abnormal,0
50820,Normal,[0.4264 0.5736],Normal,0
50822,Abnormal,[0.5338 0.4662],Normal,0
50826,Normal,[0.395 0.605],Abnormal,0
68260,Normal,[0.4151 0.5849],Normal,0
68318,Abnormal,[0.5207 0.4793],Abnormal,0
68347,Abnormal,[0.529 0.471],Abnormal,0
68379,Abnormal,[0.9161 0.0839],Abnormal,0
68395,Abnormal,[0.57 0.43],Normal,0
68407,Normal,[0.4987 0.5013],Normal,0
68412,Abnormal,[0.5217 0.4783],Normal,0
68419,Abnormal,[0.5258 0.4742],Abnormal,0
68425,Abnormal,[0.7797 0.2203],Abnormal,0
68478,Abnormal,[0.6196 0.3804],Abnormal,0
68487,Abnormal,[0.9052 0.0948],Abnormal,0
68560,Abnormal,[0.901 0.099],Abnormal,0
68567,Abnormal,[0.6675 0.3325],Abnormal,0
68708,Abnormal,[0.9118 0.0882],Abnormal,0
68831,Abnormal,[0.5464 0.4536],Abnormal,0
69067,Abnormal,[0.8046 0.1954],Normal,0
69079,Abnormal,[0.9225 0.0775],Abnormal,0
69093,Abnormal,[0.8068 0.1932],Abnormal,0
69096,Abnormal,[0.8478 0.1522],Abnormal,0
69152,Normal,[0.4966 0.5034],Abnormal,0
69174,Abnormal,[0.6176 0.3824],Abnormal,0
81638,Abnormal,[0.7778 0.2222],Abnormal,0
84687,Abnormal,[0.5272 0.4728],Normal,0
84696,Abnormal,[0.5151 0.4849],Abnormal,0
84704,Abnormal,[0.6906 0.3094],Abnormal,0
84706,Abnormal,[0.5364 0.4636],Abnormal,0
84709,Normal,[0.4156 0.5844],Normal,0
84710,Normal,[0.4595 0.5405],Abnormal,0
84713,Normal,[0.4672 0.5328],Abnormal,0
84716,Normal,[0.4224 0.5776],Abnormal,0
84721,Normal,[0.4603 0.5397],Abnormal,0
84731,Abnormal,[0.7222 0.2778],Normal,0
84732,Abnormal,[0.6408 0.3592],Abnormal,0
84740,Normal,[0.4626 0.5374],Normal,0
84746,Normal,[0.3952 0.6048],Normal,0
84754,Abnormal,[0.5071 0.4929],Normal,0
84764,Normal,[0.4896 0.5104],Normal,0
84768,Normal,[0.4787 0.5213],Normal,0
84775,Abnormal,[0.6047 0.3953],Normal,0
84790,Abnormal,[0.5907 0.4093],Normal,0
84804,Abnormal,[0.5261 0.4739],Normal,0
84823,Normal,[0.4676 0.5324],Normal,0
84824,Abnormal,[0.7359 0.2641],Abnormal,0
84838,Normal,[0.4741 0.5259],Normal,0
84851,Abnormal,[0.5035 0.4965],Abnormal,0
84853,Abnormal,[0.5916 0.4084],Abnormal,0
84863,Abnormal,[0.6722 0.3278],Abnormal,0
84877,Normal,[0.3106 0.6894],Normal,0
84882,Abnormal,[0.7867 0.2133],Abnormal,0
84886,Normal,[0.2801 0.7199],Normal,0
84894,Abnormal,[0.5256 0.4744],Normal,0
84912,Abnormal,[0.6781 0.3219],Normal,0
84922,Abnormal,[0.7531 0.2469],Normal,0
84939,Abnormal,[0.547 0.453],Normal,0
84949,Abnormal,[0.9242 0.0758],Abnormal,0
84950,Abnormal,[0.5134 0.4866],Abnormal,0
84969,Abnormal,[0.5303 0.4697],Abnormal,0
84971,Normal,[0.4921 0.5079],Normal,0
84984,Abnormal,[0.5321 0.4679],Abnormal,0
84991,Normal,[0.4069 0.5931],Normal,0
84992,Normal,[0.4268 0.5732],Normal,0
84995,Abnormal,[0.7737 0.2263],Normal,0
85027,Normal,[0.4218 0.5782],Normal,0
85029,Abnormal,[0.5071 0.4929],Normal,0
85035,Normal,[0.4961 0.5039],Normal,0
85048,Normal,[0.415 0.585],Normal,0
85052,Normal,[0.4777 0.5223],Abnormal,0
85053,Abnormal,[0.5519 0.4481],Normal,0
85064,Normal,[0.4478 0.5522],Normal,0
85075,Abnormal,[0.7331 0.2669],Normal,0
85080,Abnormal,[0.7326 0.2674],Abnormal,0
85090,Normal,[0.3247 0.6753],Normal,0
85091,Abnormal,[0.5655 0.4345],Normal,0
85094,Normal,[0.4791 0.5209],Normal,0
85119,Normal,[0.4733 0.5267],Abnormal,0
85131,Abnormal,[0.518 0.482],Normal,0
85135,Abnormal,[0.5051 0.4949],Normal,0
85148,Abnormal,[0.5168 0.4832],Normal,0
85161,Abnormal,[0.5721 0.4279],Abnormal,0
85164,Normal,[0.3544 0.6456],Normal,0
85169,Abnormal,[0.6358 0.3642],Abnormal,0
85182,Normal,[0.4397 0.5603],Normal,0
85192,Normal,[0.4892 0.5108],Abnormal,0
85213,Abnormal,[0.5583 0.4417],Abnormal,0
85214,Normal,[0.4905 0.5095],Normal,0
85236,Abnormal,[0.5396 0.4604],Abnormal,0
85240,Normal,[0.3889 0.6111],Normal,0
85241,Normal,[0.4462 0.5538],Normal,0
85243,Abnormal,[0.6081 0.3919],Abnormal,0
85249,Abnormal,[0.5166 0.4834],Normal,0
85250,Normal,[0.3561 0.6439],Normal,0
85259,Abnormal,[0.8525 0.1475],Abnormal,0
85265,Abnormal,[0.5408 0.4592],Normal,0
85299,Abnormal,[0.525 0.475],Normal,0
85312,Abnormal,[0.5121 0.4879],Normal,0
85337,Normal,[0.4474 0.5526],Normal,0
85341,Abnormal,[0.6233 0.3767],Normal,0
85349,Normal,[0.3513 0.6487],Normal,0
14241,Abnormal,[0.9047 0.0953],Abnormal,1
23625,Abnormal,[0.5796 0.4204],Abnormal,1
24160,Abnormal,[0.7136 0.2864],Abnormal,1
2530,Abnormal,[0.602 0.398],Abnormal,1
29378,Abnormal,[0.8207 0.1793],Abnormal,1
31737,Abnormal,[0.6778 0.3222],Abnormal,1
36327,Abnormal,[0.5929 0.4071],Abnormal,1
46065,Abnormal,[0.8696 0.1304],Abnormal,1
49561,Abnormal,[0.5672 0.4328],Abnormal,1
49610,Normal,[0.4856 0.5144],Abnormal,1
49627,Abnormal,[0.9299 0.0701],Abnormal,1
49630,Abnormal,[0.644 0.356],Abnormal,1
49638,Abnormal,[0.6929 0.3071],Abnormal,1
49712,Abnormal,[0.8662 0.1338],Abnormal,1
49745,Normal,[0.4084 0.5916],Abnormal,1
49748,Abnormal,[0.906 0.094],Abnormal,1
49808,Normal,[0.4962 0.5038],Normal,1
49838,Abnormal,[0.7391 0.2609],Abnormal,1
49839,Normal,[0.4814 0.5186],Normal,1
49873,Abnormal,[0.6393 0.3607],Abnormal,1
49946,Normal,[0.238 0.762],Abnormal,1
49963,Abnormal,[0.8918 0.1082],Abnormal,1
49970,Abnormal,[0.5183 0.4817],Normal,1
49998,Normal,[0.1662 0.8338],Normal,1
49999,Abnormal,[0.503 0.497],Normal,1
50018,Normal,[0.4386 0.5614],Abnormal,1
50030,Abnormal,[0.6541 0.3459],Abnormal,1
50037,Abnormal,[0.5344 0.4656],Normal,1
50048,Normal,[0.4049 0.5951],Normal,1
50057,Normal,[0.3998 0.6002],Normal,1
50066,Abnormal,[0.539 0.461],Abnormal,1
50072,Abnormal,[0.5355 0.4645],Abnormal,1
50085,Abnormal,[0.5392 0.4608],Normal,1
50113,Normal,[0.4095 0.5905],Normal,1
50115,Abnormal,[0.7367 0.2633],Abnormal,1
50126,Abnormal,[0.5663 0.4337],Normal,1
50150,Abnormal,[0.9 0.1],Abnormal,1
50152,Abnormal,[0.7432 0.2568],Abnormal,1
50166,Normal,[0.4675 0.5325],Abnormal,1
50174,Abnormal,[0.9254 0.0746],Abnormal,1
50209,Abnormal,[0.9069 0.0931],Abnormal,1
50216,Abnormal,[0.5749 0.4251],Abnormal,1
50217,Abnormal,[0.5303 0.4697],Abnormal,1
50220,Abnormal,[0.7594 0.2406],Abnormal,1
50233,Abnormal,[0.9129 0.0871],Abnormal,1
50263,Normal,[0.4372 0.5628],Normal,1
50264,Abnormal,[0.5485 0.4515],Normal,1
50281,Normal,[0.1756 0.8244],Abnormal,1
50285,Abnormal,[0.5881 0.4119],Abnormal,1
50291,Abnormal,[0.7391 0.2609],Abnormal,1
50295,Normal,[0.2716 0.7284],Abnormal,1
50298,Normal,[0.2267 0.7733],Normal,1
50303,Abnormal,[0.51 0.49],Abnormal,1
50317,Normal,[0.2272 0.7728],Normal,1
50319,Abnormal,[0.8888 0.1112],Abnormal,1
50343,Abnormal,[0.5561 0.4439],Abnormal,1
50350,Normal,[0.4799 0.5201],Abnormal,1
50354,Abnormal,[0.5511 0.4489],Abnormal,1
50384,Normal,[0.4496 0.5504],Normal,1
50639,Normal,[0.3395 0.6605],Normal,1
50665,Normal,[0.316 0.684],Abnormal,1
50669,Normal,[0.3123 0.6877],Normal,1
50677,Abnormal,[0.5983 0.4017],Abnormal,1
50687,Abnormal,[0.558 0.442],Normal,1
50713,Abnormal,[0.5274 0.4726],Normal,1
50720,Abnormal,[0.6909 0.3091],Abnormal,1
50735,Normal,[0.3776 0.6224],Normal,1
50738,Normal,[0.3777 0.6223],Abnormal,1
50742,Abnormal,[0.5173 0.4827],Abnormal,1
50744,Abnormal,[0.6578 0.3422],Abnormal,1
50746,Abnormal,[0.6293 0.3707],Abnormal,1
50752,Normal,[0.4055 0.5945],Normal,1
50762,Abnormal,[0.5888 0.4112],Normal,1
50772,Abnormal,[0.6151 0.3849],Normal,1
50782,Normal,[0.3969 0.6031],Abnormal,1
50784,Normal,[0.4574 0.5426],Normal,1
50798,Normal,[0.3637 0.6363],Normal,1
50818,Normal,[0.4089 0.5911],Abnormal,1
57700,Abnormal,[0.6369 0.3631],Abnormal,1
68182,Abnormal,[0.5784 0.4216],Abnormal,1
68316,Normal,[0.4159 0.5841],Normal,1
68359,Normal,[0.3625 0.6375],Abnormal,1
68363,Abnormal,[0.832 0.168],Abnormal,1
68374,Abnormal,[0.7632 0.2368],Abnormal,1
68377,Abnormal,[0.6074 0.3926],Abnormal,1
68394,Abnormal,[0.532 0.468],Normal,1
68465,Normal,[0.3961 0.6039],Abnormal,1
68470,Normal,[0.4819 0.5181],Normal,1
68532,Abnormal,[0.7188 0.2812],Abnormal,1
68582,Abnormal,[0.8731 0.1269],Abnormal,1
68659,Abnormal,[0.7968 0.2032],Abnormal,1
68702,Abnormal,[0.6335 0.3665],Abnormal,1
68705,Abnormal,[0.6305 0.3695],Normal,1
68737,Normal,[0.485 0.515],Abnormal,1
68741,Abnormal,[0.6489 0.3511],Abnormal,1
68752,Abnormal,[0.5565 0.4435],Normal,1
68864,Normal,[0.4222 0.5778],Abnormal,1
68901,Normal,[0.3968 0.6032],Normal,1
69066,Normal,[0.3752 0.6248],Abnormal,1
69120,Abnormal,[0.8629 0.1371],Abnormal,1
69141,Normal,[0.4947 0.5053],Abnormal,1
69155,Abnormal,[0.8177 0.1823],Abnormal,1
69176,Normal,[0.4459 0.5541],Abnormal,1
75440,Abnormal,[0.8189 0.1811],Abnormal,1
76758,Normal,[0.4303 0.5697],Abnormal,1
77373,Abnormal,[0.8247 0.1753],Abnormal,1
78280,Abnormal,[0.8994 0.1006],Abnormal,1
78592,Normal,[0.4717 0.5283],Abnormal,1
80348,Normal,[0.4361 0.5639],Abnormal,1
81297,Normal,[0.4023 0.5977],Normal,1
81501,Abnormal,[0.5358 0.4642],Abnormal,1
84689,Abnormal,[0.5969 0.4031],Normal,1
84699,Abnormal,[0.5358 0.4642],Abnormal,1
84718,Abnormal,[0.8787 0.1213],Abnormal,1
84727,Normal,[0.4577 0.5423],Normal,1
84736,Abnormal,[0.5337 0.4663],Abnormal,1
84742,Normal,[0.3689 0.6311],Normal,1
84765,Abnormal,[0.6691 0.3309],Normal,1
84780,Abnormal,[0.7366 0.2634],Normal,1
84796,Abnormal,[0.5773 0.4227],Abnormal,1
84798,Abnormal,[0.5099 0.4901],Normal,1
84802,Normal,[0.377 0.623],Normal,1
84805,Abnormal,[0.502 0.498],Normal,1
84815,Abnormal,[0.5959 0.4041],Normal,1
84831,Abnormal,[0.5244 0.4756],Normal,1
84835,Abnormal,[0.5304 0.4696],Normal,1
84854,Abnormal,[0.9375 0.0625],Abnormal,1
84859,Abnormal,[0.5192 0.4808],Normal,1
84870,Normal,[0.3361 0.6639],Abnormal,1
84875,Abnormal,[0.7235 0.2765],Normal,1
84876,Abnormal,[0.822 0.178],Abnormal,1
84885,Abnormal,[0.9039 0.0961],Abnormal,1
84890,Normal,[0.3793 0.6207],Normal,1
84919,Abnormal,[0.7288 0.2712],Normal,1
84930,Normal,[0.4927 0.5073],Normal,1
84942,Abnormal,[0.7486 0.2514],Normal,1
84946,Abnormal,[0.7128 0.2872],Normal,1
84947,Normal,[0.4864 0.5136],Abnormal,1
84962,Normal,[0.3632 0.6368],Normal,1
84970,Abnormal,[0.5093 0.4907],Normal,1
84983,Abnormal,[0.6188 0.3812],Normal,1
84994,Abnormal,[0.6495 0.3505],Abnormal,1
84996,Abnormal,[0.5533 0.4467],Abnormal,1
85004,Abnormal,[0.6967 0.3033],Abnormal,1
85010,Abnormal,[0.59 0.41],Abnormal,1
85011,Abnormal,[0.6896 0.3104],Normal,1
85012,Normal,[0.4892 0.5108],Abnormal,1
85028,Normal,[0.3296 0.6704],Normal,1
85031,Abnormal,[0.8889 0.1111],Abnormal,1
85033,Normal,[0.4898 0.5102],Normal,1
85034,Abnormal,[0.6846 0.3154],Abnormal,1
85057,Abnormal,[0.883 0.117],Abnormal,1
85066,Normal,[0.4543 0.5457],Normal,1
85076,Abnormal,[0.646 0.354],Normal,1
85077,Abnormal,[0.5062 0.4938],Normal,1
85086,Abnormal,[0.674 0.326],Normal,1
85096,Abnormal,[0.5498 0.4502],Normal,1
85102,Normal,[0.3109 0.6891],Normal,1
85105,Normal,[0.186 0.814],Normal,1
85110,Abnormal,[0.7782 0.2218],Normal,1
85114,Abnormal,[0.5121 0.4879],Normal,1
85116,Normal,[0.4941 0.5059],Abnormal,1
85122,Normal,[0.3449 0.6551],Normal,1
85127,Normal,[0.415 0.585],Abnormal,1
85139,Normal,[0.4693 0.5307],Abnormal,1
85150,Normal,[0.2144 0.7856],Normal,1
85151,Normal,[0.4315 0.5685],Normal,1
85154,Normal,[0.3773 0.6227],Normal,1
85163,Abnormal,[0.5681 0.4319],Abnormal,1
85175,Abnormal,[0.5474 0.4526],Normal,1
85210,Normal,[0.4486 0.5514],Normal,1
85212,Normal,[0.4977 0.5023],Normal,1
85217,Normal,[0.4819 0.5181],Normal,1
85227,Abnormal,[0.5652 0.4348],Abnormal,1
85234,Normal,[0.4764 0.5236],Normal,1
85239,Normal,[0.4119 0.5881],Abnormal,1
85278,Normal,[0.3891 0.6109],Abnormal,1
85285,Abnormal,[0.5454 0.4546],Normal,1
85308,Normal,[0.4063 0.5937],Normal,1
85316,Normal,[0.437 0.563],Normal,1
85319,Abnormal,[0.6958 0.3042],Abnormal,1
85323,Abnormal,[0.7099 0.2901],Normal,1
85328,Normal,[0.3295 0.6705],Normal,1
85331,Normal,[0.4077 0.5923],Normal,1
85332,Normal,[0.2269 0.7731],Normal,1
85340,Normal,[0.3917 0.6083],Normal,1
85343,Abnormal,[0.7855 0.2145],Abnormal,1
85345,Normal,[0.4471 0.5529],Normal,1
39043,Normal,[0.4001 0.5999],Abnormal,2
46579,Abnormal,[0.6984 0.3016],Abnormal,2
47002,Abnormal,[0.6432 0.3568],Abnormal,2
49562,Abnormal,[0.6162 0.3838],Abnormal,2
49577,Abnormal,[0.5099 0.4901],Normal,2
49595,Abnormal,[0.6565 0.3435],Abnormal,2
49631,Abnormal,[0.5298 0.4702],Normal,2
49659,Abnormal,[0.6061 0.3939],Abnormal,2
49661,Abnormal,[0.5618 0.4382],Normal,2
49669,Abnormal,[0.6721 0.3279],Abnormal,2
49719,Abnormal,[0.6125 0.3875],Normal,2
49754,Abnormal,[0.6529 0.3471],Abnormal,2
49776,Abnormal,[0.5458 0.4542],Abnormal,2
49821,Abnormal,[0.7255 0.2745],Abnormal,2
49897,Abnormal,[0.7279 0.2721],Normal,2
49930,Normal,[0.4076 0.5924],Normal,2
49931,Normal,[0.4538 0.5462],Normal,2
49959,Abnormal,[0.5618 0.4382],Normal,2
49969,Abnormal,[0.5994 0.4006],Normal,2
49974,Abnormal,[0.5052 0.4948],Normal,2
49986,Abnormal,[0.6562 0.3438],Normal,2
49988,Abnormal,[0.5389 0.4611],Normal,2
49990,Abnormal,[0.6389 0.3611],Normal,2
49993,Abnormal,[0.6228 0.3772],Normal,2
49995,Abnormal,[0.599 0.401],Normal,2
50014,Abnormal,[0.5874 0.4126],Normal,2
50015,Abnormal,[0.6261 0.3739],Abnormal,2
50023,Abnormal,[0.6262 0.3738],Normal,2
50056,Abnormal,[0.7499 0.2501],Abnormal,2
50077,Normal,[0.4541 0.5459],Normal,2
50078,Abnormal,[0.5466 0.4534],Abnormal,2
50092,Abnormal,[0.6228 0.3772],Normal,2
50119,Normal,[0.3768 0.6232],Normal,2
50127,Abnormal,[0.7022 0.2978],Abnormal,2
50128,Abnormal,[0.6041 0.3959],Abnormal,2
50133,Abnormal,[0.5403 0.4597],Normal,2
50137,Abnormal,[0.5593 0.4407],Normal,2
50142,Abnormal,[0.6743 0.3257],Normal,2
50151,Normal,[0.4507 0.5493],Abnormal,2
50161,Abnormal,[0.5456 0.4544],Abnormal,2
50207,Abnormal,[0.6631 0.3369],Abnormal,2
50222,Normal,[0.4006 0.5994],Normal,2
50225,Abnormal,[0.6152 0.3848],Normal,2
50229,Abnormal,[0.7404 0.2596],Abnormal,2
50230,Abnormal,[0.5902 0.4098],Normal,2
50239,Abnormal,[0.6313 0.3687],Normal,2
50247,Abnormal,[0.5736 0.4264],Normal,2
50250,Abnormal,[0.5499 0.4501],Normal,2
50251,Abnormal,[0.6743 0.3257],Normal,2
50256,Abnormal,[0.661 0.339],Normal,2
50258,Abnormal,[0.5388 0.4612],Normal,2
50261,Abnormal,[0.5938 0.4062],Abnormal,2
50276,Abnormal,[0.6043 0.3957],Normal,2
50277,Abnormal,[0.6932 0.3068],Abnormal,2
50296,Normal,[0.4423 0.5577],Abnormal,2
50311,Normal,[0.4562 0.5438],Normal,2
50314,Abnormal,[0.611 0.389],Abnormal,2
50318,Abnormal,[0.6134 0.3866],Abnormal,2
50334,Normal,[0.4744 0.5256],Normal,2
50339,Abnormal,[0.6139 0.3861],Normal,2
50345,Abnormal,[0.5277 0.4723],Normal,2
50359,Normal,[0.4248 0.5752],Abnormal,2
50393,Abnormal,[0.5421 0.4579],Abnormal,2
50621,Abnormal,[0.5909 0.4091],Abnormal,2
50629,Abnormal,[0.7369 0.2631],Abnormal,2
50654,Abnormal,[0.5745 0.4255],Normal,2
50658,Abnormal,[0.608 0.392],Normal,2
50661,Abnormal,[0.6245 0.3755],Normal,2
50678,Abnormal,[0.5028 0.4972],Abnormal,2
50688,Abnormal,[0.5955 0.4045],Normal,2
50689,Normal,[0.4426 0.5574],Abnormal,2
50722,Normal,[0.4247 0.5753],Normal,2
50725,Abnormal,[0.5869 0.4131],Abnormal,2
50727,Normal,[0.486 0.514],Abnormal,2
50739,Abnormal,[0.6185 0.3815],Abnormal,2
50751,Abnormal,[0.6034 0.3966],Normal,2
50776,Abnormal,[0.5414 0.4586],Abnormal,2
50789,Abnormal,[0.6104 0.3896],Abnormal,2
50805,Normal,[0.4054 0.5946],Normal,2
50812,Abnormal,[0.5407 0.4593],Abnormal,2
50819,Abnormal,[0.5406 0.4594],Normal,2
55945,Abnormal,[0.7442 0.2558],Abnormal,2
61610,Abnormal,[0.6748 0.3252],Abnormal,2
64256,Abnormal,[0.6151 0.3849],Abnormal,2
64715,Abnormal,[0.5597 0.4403],Normal,2
68175,Abnormal,[0.5883 0.4117],Abnormal,2
68186,Abnormal,[0.5138 0.4862],Normal,2
68204,Abnormal,[0.6696 0.3304],Abnormal,2
68213,Abnormal,[0.6105 0.3895],Normal,2
68222,Abnormal,[0.5323 0.4677],Abnormal,2
68279,Abnormal,[0.5555 0.4445],Abnormal,2
68292,Abnormal,[0.5785 0.4215],Abnormal,2
68368,Abnormal,[0.5904 0.4096],Abnormal,2
68431,Abnormal,[0.5961 0.4039],Normal,2
68444,Abnormal,[0.7097 0.2903],Abnormal,2
68576,Abnormal,[0.6274 0.3726],Abnormal,2
68632,Normal,[0.488 0.512],Abnormal,2
68646,Normal,[0.4695 0.5305],Abnormal,2
68660,Abnormal,[0.5694 0.4306],Normal,2
68755,Normal,[0.4835 0.5165],Abnormal,2
68827,Abnormal,[0.6069 0.3931],Abnormal,2
68857,Abnormal,[0.5766 0.4234],Abnormal,2
68874,Abnormal,[0.5773 0.4227],Abnormal,2
68886,Abnormal,[0.6387 0.3613],Normal,2
69106,Abnormal,[0.5341 0.4659],Abnormal,2
69129,Abnormal,[0.6007 0.3993],Abnormal,2
69159,Abnormal,[0.6241 0.3759],Abnormal,2
72283,Abnormal,[0.5979 0.4021],Abnormal,2
72288,Abnormal,[0.543 0.457],Abnormal,2
78582,Normal,[0.4864 0.5136],Abnormal,2
84697,Abnormal,[0.5808 0.4192],Normal,2
84725,Normal,[0.4759 0.5241],Normal,2
84730,Normal,[0.4106 0.5894],Normal,2
84735,Abnormal,[0.5978 0.4022],Normal,2
84753,Abnormal,[0.5905 0.4095],Normal,2
84755,Normal,[0.4519 0.5481],Normal,2
84769,Normal,[0.4385 0.5615],Normal,2
84778,Abnormal,[0.5669 0.4331],Normal,2
84785,Abnormal,[0.5851 0.4149],Normal,2
84786,Abnormal,[0.6262 0.3738],Normal,2
84793,Abnormal,[0.5886 0.4114],Normal,2
84803,Normal,[0.4311 0.5689],Abnormal,2
84808,Abnormal,[0.6282 0.3718],Normal,2
84809,Normal,[0.4819 0.5181],Normal,2
84834,Abnormal,[0.7148 0.2852],Abnormal,2
84839,Normal,[0.497 0.503],Normal,2
84868,Abnormal,[0.5648 0.4352],Normal,2
84878,Abnormal,[0.591 0.409],Normal,2
84887,Normal,[0.4915 0.5085],Normal,2
84892,Abnormal,[0.6726 0.3274],Normal,2
84918,Normal,[0.3846 0.6154],Normal,2
84921,Abnormal,[0.574 0.426],Normal,2
84933,Abnormal,[0.5616 0.4384],Normal,2
84934,Abnormal,[0.5676 0.4324],Abnormal,2
84935,Abnormal,[0.5831 0.4169],Normal,2
84937,Abnormal,[0.6091 0.3909],Normal,2
84945,Abnormal,[0.6068 0.3932],Normal,2
84960,Abnormal,[0.6151 0.3849],Normal,2
84966,Abnormal,[0.6375 0.3625],Normal,2
84976,Abnormal,[0.5442 0.4558],Normal,2
84977,Abnormal,[0.5785 0.4215],Normal,2
84985,Abnormal,[0.599 0.401],Normal,2
84988,Abnormal,[0.664 0.336],Normal,2
85002,Abnormal,[0.7355 0.2645],Abnormal,2
85018,Abnormal,[0.6252 0.3748],Abnormal,2
85020,Abnormal,[0.6645 0.3355],Abnormal,2
85023,Abnormal,[0.5566 0.4434],Normal,2
85036,Abnormal,[0.7243 0.2757],Abnormal,2
85038,Abnormal,[0.5393 0.4607],Abnormal,2
85042,Abnormal,[0.7233 0.2767],Abnormal,2
85046,Normal,[0.4922 0.5078],Normal,2
85055,Abnormal,[0.6041 0.3959],Abnormal,2
85063,Abnormal,[0.6869 0.3131],Normal,2
85103,Normal,[0.4312 0.5688],Normal,2
85109,Abnormal,[0.5963 0.4037],Normal,2
85112,Normal,[0.4949 0.5051],Normal,2
85113,Abnormal,[0.5123 0.4877],Normal,2
85123,Abnormal,[0.627 0.373],Normal,2
85124,Abnormal,[0.6274 0.3726],Normal,2
85136,Abnormal,[0.5792 0.4208],Normal,2
85159,Abnormal,[0.5801 0.4199],Normal,2
85176,Abnormal,[0.5818 0.4182],Normal,2
85180,Abnormal,[0.5938 0.4062],Normal,2
85186,Normal,[0.4011 0.5989],Normal,2
85196,Abnormal,[0.5871 0.4129],Normal,2
85199,Abnormal,[0.652 0.348],Abnormal,2
85202,Abnormal,[0.6824 0.3176],Abnormal,2
85203,Abnormal,[0.6674 0.3326],Normal,2
85207,Abnormal,[0.7298 0.2702],Abnormal,2
85222,Abnormal,[0.6112 0.3888],Normal,2
85226,Abnormal,[0.5929 0.4071],Normal,2
85235,Abnormal,[0.5459 0.4541],Normal,2
85245,Abnormal,[0.5523 0.4477],Normal,2
85246,Abnormal,[0.5944 0.4056],Normal,2
85264,Abnormal,[0.5759 0.4241],Normal,2
85269,Abnormal,[0.6375 0.3625],Normal,2
85276,Abnormal,[0.6721 0.3279],Abnormal,2
85286,Abnormal,[0.6119 0.3881],Normal,2
85293,Abnormal,[0.5261 0.4739],Abnormal,2
85296,Abnormal,[0.5706 0.4294],Abnormal,2
85300,Abnormal,[0.5946 0.4054],Normal,2
85301,Abnormal,[0.5969 0.4031],Normal,2
85317,Abnormal,[0.5677 0.4323],Normal,2
85327,Abnormal,[0.5873 0.4127],Normal,2
85334,Abnormal,[0.5393 0.4607],Normal,2
85335,Abnormal,[0.5667 0.4333],Normal,2
9979,Abnormal,[0.7355 0.2645],Abnormal,2
9983,Abnormal,[0.604 0.396],Abnormal,2
13918,Abnormal,[0.619 0.381],Abnormal,3
14998,Abnormal,[0.5201 0.4799],Abnormal,3
29045,Abnormal,[0.7731 0.2269],Abnormal,3
39456,Abnormal,[0.5715 0.4285],Abnormal,3
40058,Abnormal,[0.6468 0.3532],Abnormal,3
43852,Abnormal,[0.6768 0.3232],Normal,3
44514,Abnormal,[0.8605 0.1395],Abnormal,3
49574,Abnormal,[0.8951 0.1049],Abnormal,3
49618,Abnormal,[0.8213 0.1787],Abnormal,3
49622,Abnormal,[0.7731 0.2269],Abnormal,3
49678,Abnormal,[0.5905 0.4095],Normal,3
49687,Abnormal,[0.5723 0.4277],Abnormal,3
49842,Abnormal,[0.8109 0.1891],Abnormal,3
49966,Abnormal,[0.7846 0.2154],Abnormal,3
49968,Normal,[0.4792 0.5208],Normal,3
49987,Abnormal,[0.7938 0.2062],Normal,3
49994,Abnormal,[0.8811 0.1189],Abnormal,3
50001,Normal,[0.4999 0.5001],Normal,3
50004,Abnormal,[0.5889 0.4111],Normal,3
50005,Abnormal,[0.6663 0.3337],Normal,3
50017,Abnormal,[0.5538 0.4462],Normal,3
50027,Abnormal,[0.5653 0.4347],Normal,3
50029,Abnormal,[0.567 0.433],Normal,3
50034,Abnormal,[0.5942 0.4058],Normal,3
50053,Normal,[0.3999 0.6001],Normal,3
50061,Abnormal,[0.5268 0.4732],Abnormal,3
50070,Abnormal,[0.5512 0.4488],Abnormal,3
50074,Normal,[0.4894 0.5106],Normal,3
50076,Abnormal,[0.5204 0.4796],Abnormal,3
50080,Abnormal,[0.5563 0.4437],Abnormal,3
50089,Normal,[0.4961 0.5039],Abnormal,3
50099,Abnormal,[0.8105 0.1895],Normal,3
50103,Abnormal,[0.567 0.433],Normal,3
50109,Abnormal,[0.5667 0.4333],Normal,3
50116,Abnormal,[0.6744 0.3256],Normal,3
50117,Abnormal,[0.674 0.326],Normal,3
50118,Abnormal,[0.5571 0.4429],Normal,3
50129,Normal,[0.4893 0.5107],Normal,3
50138,Abnormal,[0.5212 0.4788],Normal,3
50146,Abnormal,[0.6455 0.3545],Normal,3
50149,Abnormal,[0.6451 0.3549],Abnormal,3
50153,Abnormal,[0.5702 0.4298],Abnormal,3
50206,Normal,[0.3665 0.6335],Abnormal,3
50231,Abnormal,[0.5591 0.4409],Normal,3
50238,Abnormal,[0.8627 0.1373],Abnormal,3
50248,Normal,[0.4535 0.5465],Abnormal,3
50271,Abnormal,[0.508 0.492],Normal,3
50273,Abnormal,[0.5354 0.4646],Normal,3
50278,Normal,[0.4904 0.5096],Normal,3
50312,Abnormal,[0.6394 0.3606],Abnormal,3
50316,Abnormal,[0.6224 0.3776],Normal,3
50325,Abnormal,[0.5169 0.4831],Abnormal,3
50326,Abnormal,[0.8827 0.1173],Abnormal,3
50327,Normal,[0.4715 0.5285],Normal,3
50331,Abnormal,[0.9074 0.0926],Abnormal,3
50336,Normal,[0.3978 0.6022],Normal,3
50337,Normal,[0.4479 0.5521],Normal,3
50352,Normal,[0.4433 0.5567],Normal,3
50388,Abnormal,[0.5362 0.4638],Normal,3
50391,Abnormal,[0.6343 0.3657],Normal,3
50620,Normal,[0.4041 0.5959],Normal,3
50625,Abnormal,[0.7937 0.2063],Abnormal,3
50626,Normal,[0.4846 0.5154],Abnormal,3
50636,Abnormal,[0.5844 0.4156],Abnormal,3
50645,Abnormal,[0.6289 0.3711],Normal,3
50647,Abnormal,[0.5232 0.4768],Normal,3
50652,Abnormal,[0.6 0.4],Abnormal,3
50655,Abnormal,[0.5284 0.4716],Abnormal,3
50667,Abnormal,[0.5479 0.4521],Normal,3
50668,Abnormal,[0.5966 0.4034],Abnormal,3
50676,Abnormal,[0.7897 0.2103],Normal,3
50690,Abnormal,[0.5428 0.4572],Abnormal,3
50707,Normal,[0.4858 0.5142],Normal,3
50731,Normal,[0.4482 0.5518],Normal,3
50747,Abnormal,[0.5396 0.4604],Normal,3
50748,Abnormal,[0.7183 0.2817],Normal,3
50749,Abnormal,[0.5423 0.4577],Normal,3
50753,Abnormal,[0.5177 0.4823],Normal,3
50768,Normal,[0.4656 0.5344],Normal,3
50773,Abnormal,[0.5765 0.4235],Abnormal,3
50787,Normal,[0.4045 0.5955],Normal,3
50797,Abnormal,[0.5767 0.4233],Abnormal,3
50802,Abnormal,[0.5464 0.4536],Normal,3
50807,Abnormal,[0.5935 0.4065],Abnormal,3
50829,Abnormal,[0.5057 0.4943],Normal,3
51331,Abnormal,[0.5602 0.4398],Abnormal,3
57706,Abnormal,[0.7558 0.2442],Abnormal,3
63456,Abnormal,[0.5363 0.4637],Abnormal,3
63581,Abnormal,[0.5872 0.4128],Abnormal,3
68194,Abnormal,[0.8732 0.1268],Abnormal,3
68219,Abnormal,[0.5621 0.4379],Abnormal,3
68269,Abnormal,[0.5412 0.4588],Abnormal,3
68298,Normal,[0.4658 0.5342],Abnormal,3
68303,Abnormal,[0.8815 0.1185],Abnormal,3
68337,Abnormal,[0.6827 0.3173],Normal,3
68413,Abnormal,[0.5425 0.4575],Normal,3
68427,Abnormal,[0.5178 0.4822],Normal,3
68456,Abnormal,[0.8662 0.1338],Abnormal,3
68477,Abnormal,[0.5138 0.4862],Normal,3
68482,Abnormal,[0.5136 0.4864],Abnormal,3
68498,Abnormal,[0.585 0.415],Abnormal,3
68504,Abnormal,[0.609 0.391],Normal,3
68556,Abnormal,[0.5342 0.4658],Abnormal,3
68624,Normal,[0.4996 0.5004],Abnormal,3
68711,Abnormal,[0.5456 0.4544],Abnormal,3
68740,Abnormal,[0.5341 0.4659],Abnormal,3
68756,Abnormal,[0.6321 0.3679],Normal,3
68757,Normal,[0.4418 0.5582],Normal,3
68849,Abnormal,[0.5168 0.4832],Abnormal,3
68861,Abnormal,[0.5789 0.4211],Abnormal,3
68888,Normal,[0.4494 0.5506],Abnormal,3
68895,Normal,[0.4917 0.5083],Abnormal,3
68908,Abnormal,[0.5548 0.4452],Abnormal,3
68909,Normal,[0.4484 0.5516],Abnormal,3
69095,Normal,[0.464 0.536],Abnormal,3
69161,Abnormal,[0.5785 0.4215],Normal,3
69188,Normal,[0.487 0.513],Abnormal,3
74420,Abnormal,[0.5139 0.4861],Abnormal,3
76240,Abnormal,[0.8553 0.1447],Abnormal,3
82275,Abnormal,[0.5717 0.4283],Normal,3
83094,Abnormal,[0.779 0.221],Abnormal,3
84688,Abnormal,[0.7149 0.2851],Normal,3
84690,Abnormal,[0.7196 0.2804],Abnormal,3
84693,Abnormal,[0.8689 0.1311],Abnormal,3
84695,Abnormal,[0.745 0.255],Normal,3
84702,Abnormal,[0.8024 0.1976],Abnormal,3
84714,Abnormal,[0.7452 0.2548],Abnormal,3
84724,Abnormal,[0.5237 0.4763],Normal,3
84738,Abnormal,[0.5151 0.4849],Normal,3
84747,Abnormal,[0.5412 0.4588],Normal,3
84749,Normal,[0.434 0.566],Normal,3
84750,Normal,[0.4696 0.5304],Normal,3
84751,Abnormal,[0.8784 0.1216],Abnormal,3
84761,Abnormal,[0.5021 0.4979],Normal,3
84762,Normal,[0.4426 0.5574],Normal,3
84776,Abnormal,[0.5609 0.4391],Normal,3
84779,Normal,[0.4772 0.5228],Normal,3
84784,Abnormal,[0.5929 0.4071],Normal,3
84799,Abnormal,[0.5577 0.4423],Normal,3
84807,Abnormal,[0.5885 0.4115],Normal,3
84837,Abnormal,[0.5958 0.4042],Abnormal,3
84861,Abnormal,[0.5558 0.4442],Normal,3
84864,Abnormal,[0.8965 0.1035],Normal,3
84866,Abnormal,[0.6077 0.3923],Normal,3
84881,Abnormal,[0.5176 0.4824],Normal,3
84883,Abnormal,[0.6297 0.3703],Normal,3
84884,Abnormal,[0.5408 0.4592],Normal,3
84928,Abnormal,[0.5003 0.4997],Normal,3
84936,Abnormal,[0.5824 0.4176],Normal,3
84957,Abnormal,[0.5791 0.4209],Normal,3
84965,Abnormal,[0.532 0.468],Abnormal,3
84987,Abnormal,[0.5277 0.4723],Normal,3
85000,Abnormal,[0.5185 0.4815],Normal,3
85019,Abnormal,[0.6391 0.3609],Abnormal,3
85026,Abnormal,[0.8648 0.1352],Abnormal,3
85030,Abnormal,[0.7897 0.2103],Abnormal,3
85037,Abnormal,[0.6756 0.3244],Abnormal,3
85044,Normal,[0.3069 0.6931],Normal,3
85062,Abnormal,[0.5113 0.4887],Normal,3
85087,Abnormal,[0.8933 0.1067],Abnormal,3
85093,Abnormal,[0.5146 0.4854],Normal,3
85099,Abnormal,[0.5252 0.4748],Normal,3
85143,Abnormal,[0.5154 0.4846],Normal,3
85147,Abnormal,[0.5267 0.4733],Normal,3
85153,Normal,[0.3049 0.6951],Normal,3
85157,Abnormal,[0.5697 0.4303],Normal,3
85168,Abnormal,[0.5364 0.4636],Normal,3
85172,Abnormal,[0.9095 0.0905],Abnormal,3
85174,Abnormal,[0.5541 0.4459],Abnormal,3
85197,Abnormal,[0.543 0.457],Normal,3
85198,Abnormal,[0.902 0.098],Abnormal,3
85229,Normal,[0.4555 0.5445],Normal,3
85230,Abnormal,[0.5419 0.4581],Normal,3
85244,Abnormal,[0.6774 0.3226],Abnormal,3
85252,Abnormal,[0.6138 0.3862],Normal,3
85253,Abnormal,[0.6331 0.3669],Abnormal,3
85258,Abnormal,[0.6438 0.3562],Normal,3
85262,Normal,[0.4586 0.5414],Abnormal,3
85270,Abnormal,[0.5427 0.4573],Abnormal,3
85277,Normal,[0.4399 0.5601],Normal,3
85287,Abnormal,[0.5842 0.4158],Normal,3
85313,Abnormal,[0.5845 0.4155],Normal,3
85315,Abnormal,[0.5558 0.4442],Abnormal,3
85321,Normal,[0.3999 0.6001],Normal,3
85322,Normal,[0.4783 0.5217],Normal,3
85326,Abnormal,[0.5454 0.4546],Normal,3
85336,Normal,[0.474 0.526],Normal,3
